ProteinID	Peptide	Spectrum
g1000.t1	R.YDVFKLSEAM[15.9949]LAGDVPR.L	1635
g10135.t1	R.RAFICR.L	1551
g10147.t1	R.VEVGGEASGKR.Y	691
g10154.t1	K.KPFLC[57.0215]IQHLK.Q	1051
g10207.t1	R.LVADGM[15.9949]PGGR.H	1788
g10207.t1	R.LVADGM[15.9949]PGGR.H	1658
g10255.t1	K.NVTPTM[15.9949]PIAR.E	716
g10255.t1	K.NVTPTM[15.9949]PIAR.E	839
g10297.t1	R.RTFSEAVSDTEWK.R	1117
g10299.t1	R.KM[15.9949]AFTVNHMNK.V	1544
g10432.t1	R.ALWLEQRCK.E	1806
g10670.t1	K.MQAKPK.D	1761
g10785.t1	K.MVVGENVR.A	756
g10785.t1	K.IKC[57.0215]PK.Y	1602
g10802.t1	R.YC[57.0215]TAAGESRSDLR.R	581
g10802.t1	R.YC[57.0215]TAAGESRSDLR.R	931
g10894.t1	R.IEATAGVALK.D	985
g1193.t1	R.FQHLLKK.A	1816
g1236.t1	K.GQIVMITR.C	1369
g1289.t1	R.GVQEAMRAVSR.V	1840
g1493.t1	R.MNNQLMLLM[15.9949]GR.M	1416
g1497.t1	R.SLFPEC[57.0215]APAVFR.A	1772
g1499.t1	K.YAQRM[15.9949]VEMVR.D	708
g1507.t1	K.IKC[57.0215]PK.Y	1602
g1508.t1	K.DADM[15.9949]VLYVASR.S	1695
g1509.t1	K.IKC[57.0215]PK.Y	1602
g1510.t1	K.DADM[15.9949]VLYVASR.S	1695
g1510.t1	K.DADM[15.9949]VLYVASR.S	1695
g1522.t1	K.QCGKDGMTYAVIR.N	1971
g1568.t1	K.VVC[57.0215]YELVGK.H	489
g1576.t1	K.MVVGENVR.A	756
g1587.t1	R.LC[57.0215]NIM[15.9949]GHSIRR.C	724
g1590.t1	K.GSGRSAGGVR.L	622
g1617.t1	R.LARHGCTR.G	1417
g1661.t1	R.LAVLLSASADWC[57.0215]NVR.R	1698
g1676.t1	R.IVSHIK.A	1273
g1676.t1	R.IVSHIK.A	1407
g1742.t1	K.FADLGM[15.9949]K.L	471
g1768.t1	K.ASELCPGVHR.L	600
g1825.t1	R.DVM[15.9949]SLKTYIETR.K	1003
g1825.t1	R.DVM[15.9949]SLKTYIETR.K	887
g1834.t1	R.WLQRTYLYVR.M	800
g1893.t1	K.RVPVPEK.L	1061
g1906.t1	R.AM[15.9949]LEDRAGPSGTR.L	569
g1952.t1	R.EVQPYVVEQLER.H	936
g1956.t1	R.CMLCDQLLLR.G	1001
g2006.t1	R.LDEAYC[57.0215]LTKK.G	1450
g2145.t1	R.RFMVTR.V	1241
g2239.t1	R.AYRLFR.A	1917
g2379.t1	K.IKC[57.0215]PK.Y	1602
g241.t1	R.DVARAMNVAR.R	1608
g241.t1	R.DVARAMNVAR.R	900
g241.t1	R.DVARAMNVAR.R	1740
g241.t1	R.DVARAMNVAR.R	1493
g241.t1	R.DVARAMNVAR.R	1255
g241.t1	R.DVARAMNVAR.R	1019
g2494.t1	K.DPALC[57.0215]LELTR.V	1097
g2539.t1	R.M[15.9949]WHSAR.R	838
g2671.t1	R.ALKRPCR.V	1557
g2703.t1	R.ALHWIMAK.S	735
g2774.t1	K.LDEVVAEAEK.K	626
g2849.t1	R.QTDETQRVEPLR.V	1547
g2944.t1	K.ADEIQSISKEIADTVR.D	673
g3122.t1	K.MLC[57.0215]LANAER.L	758
g3173.t1	R.LVTQFPK.L	1426
g3173.t1	R.LVTQFPK.L	1565
g3192.t1	K.RM[15.9949]YHAVPK.R	1232
g3274.t1	R.RLM[15.9949]YVGITR.A	1699
g3349.t1	R.ARETGIC[57.0215]PVR.E	725
g3349.t1	-.M[15.9949]SNASRATLVK.Y	563
g3411.t1	R.DALC[57.0215]VVR.A	1552
g3501.t1	K.SPDPGDATVSPYHR.F	1356
g353.t1	R.DALDAVHKR.S	1589
g353.t1	R.MCPGIAALFR.V	1993
g3654.t1	R.DSGIC[57.0215]PIRR.E	1267
g3691.t1	K.LGTLC[57.0215]EK.L	1462
g3691.t1	K.LGTLC[57.0215]EK.L	1332
g3691.t1	K.LGTLC[57.0215]EK.L	1089
g3691.t1	K.LGTLC[57.0215]EK.L	974
g3721.t1	R.VKTVC[57.0215]R.L	739
g3721.t1	R.VKTVC[57.0215]R.L	849
g3723.t1	R.SPSPQPTM[15.9949]LSR.E	506
g3727.t1	K.AGGTLEDDDNVIR.E	695
g3731.t1	R.AGM[15.9949]TASTSNISVSSAR.G	1756
g3742.t1	R.GDCQVQRR.H	540
g381.t1	K.AFFIWM[15.9949]NLGDLK.R	1773
g3844.t1	K.MVVGENVR.A	756
g4006.t1	R.KASLGDFIVDGAGCK.G	848
g4029.t1	R.QRWWK.E	1168
g4081.t1	K.AEGATVVTGGAR.C	925
g4109.t1	K.QM[15.9949]KSIEK.R	534
g4442.t1	R.MGALSAMVNSYAPGR.E	1824
g4508.t1	R.IDITSC[57.0215]DALLFR.I	1523
g4528.t1	K.FYNFLK.L	905
g4528.t1	K.FYNFLK.L	1024
g4528.t1	K.FYNFLK.L	1151
g453.t1	R.VELGGSDYLYLSR.M	1251
g4663.t1	R.EDEDVSRAVR.E	1827
g4705.t1	K.LSPLLWK.A	1244
g4705.t1	K.LSPLLWK.A	1375
g4705.t1	K.LSPLLWK.A	1497
g4894.t1	K.YM[15.9949]GM[15.9949]C[57.0215]RLPPR.V	1281
g4915.t1	K.QAEAATAAK.A	356
g4987.t1	K.AVEYFLK.E	672
g4997.t1	R.EVTVQMQLLRR.N	809
g5129.t1	R.RSTETQR.T	1896
g5239.t1	R.VIELM[15.9949]EGLQSER.E	1789
g5259.t1	K.LELFLDGK.L	676
g533.t1	R.C[57.0215]DGGIARGDQVR.V	550
g5366.t1	R.SLVAIELK.I	1948
g5445.t1	K.MVVGENVR.A	756
g5445.t1	K.IKC[57.0215]PK.Y	1602
g5495.t1	R.RMLVPC[57.0215]GK.D	1977
g5514.t1	R.GHAWPWR.R	481
g5544.t1	R.QTGHLYVWR.T	1622
g5744.t1	R.WLTTPFR.E	1768
g5808.t1	K.DLAKAVAK.Q	1715
g5886.t1	R.CPRRPLK.K	667
g5907.t1	R.CDPAARLR.S	568
g5952.t1	K.AVYEPRNHEETR.G	788
g5998.t1	R.ITYHPFAAAR.Q	1390
g6098.t1	K.DPVYVAELEEK.L	583
g6100.t1	K.DPVYVAELEEK.L	583
g6181.t1	R.AEAM[15.9949]RQGPLQK.K	832
g6219.t1	K.KNLPM[15.9949]DTHNTLK.T	1682
g6246.t1	K.EVDNSNASGKR.A	645
g6365.t1	K.HSFGKEGK.R	1260
g6430.t1	R.QFDLIVLDPPK.F	678
g6512.t1	R.WDAETRTLAESRPK.E	625
g6524.t1	K.KADSYIDLMK.I	1234
g6528.t1	R.LDAAEGTGKR.R	1480
g6528.t1	R.LDAAEGTGKR.R	1725
g6528.t1	R.LDAAEGTGKR.R	1854
g6528.t1	R.LDAAEGTGKR.R	1596
g6528.t1	R.LDAAEGTGKR.R	1358
g6557.t1	K.ELRSGGGR.T	1277
g6592.t1	K.TGELGDTPTTALEGR.L	1962
g6625.t1	R.LLQTVLSRM[15.9949]DK.V	1833
g6626.t1	R.LLQTVLSRM[15.9949]DK.V	1833
g6768.t1	K.LYCAYETPANGAGR.Q	688
g6839.t1	K.NYLELWQLTQEK.G	1697
g6982.t1	R.LPWSRFHTR.V	608
g7118.t1	R.QTVSC[57.0215]SRIM[15.9949]TSR.A	1478
g7118.t1	R.QTVSC[57.0215]SRIM[15.9949]TSR.A	1591
g7118.t1	R.QTVSC[57.0215]SRIM[15.9949]TSR.A	1894
g7118.t1	R.QTVSC[57.0215]SRIM[15.9949]TSR.A	1848
g7141.t1	R.AEFSM[15.9949]ETFTVRTLPGK.W	488
g7175.t1	R.LEIAGDSIR.G	1431
g7175.t1	R.LEIAGDSIR.G	1556
g7271.t1	R.SCTVRDLLSHHR.Y	961
g7302.t1	R.NAM[15.9949]EQKIAQR.V	1092
g7366.t1	R.SIDHFDLRNK.R	958
g7405.t1	K.IKC[57.0215]PK.Y	1602
g7449.t1	K.ELLAEGMLR.L	1879
g7486.t1	R.FHC[57.0215]SAYLQPPEWC[57.0215]R.R	497
g7519.t1	K.QTQEQSEIR.H	1486
g7519.t1	K.QTQEQSEIR.H	1249
g7519.t1	K.QTQEQSEIR.H	1374
g7519.t1	K.QTQEQSEIR.H	1729
g7519.t1	K.QTQEQSEIR.H	1127
g7519.t1	K.QTQEQSEIR.H	1857
g7519.t1	K.QTQEQSEIR.H	1600
g7519.t1	K.QTQEQSEIR.H	1979
g7537.t1	R.QQGKSIDEDR.N	752
g7597.t1	K.QTLTM[15.9949]LK.R	1007
g7597.t1	K.QTLTM[15.9949]LK.R	1133
g7598.t1	K.QTLTM[15.9949]LK.R	1007
g7598.t1	K.QTLTM[15.9949]LK.R	1133
g7618.t1	R.KM[15.9949]TEAVK.D	566
g7618.t1	R.KM[15.9949]TEAVK.D	1809
g7853.t1	K.AGVYYYPR.M	1130
g7853.t1	K.WAQPFIDDVKLWEK.K	897
g7857.t1	K.IKC[57.0215]PK.Y	1602
g7891.t1	R.TEENKAIQR.L	578
g7915.t1	R.TVKFMAAYC[57.0215]VEK.Y	1737
g7951.t1	R.TLNVWDLRQPR.E	918
g8019.t1	K.LNCPAHMTVVR.S	1085
g8019.t1	K.LNCPAHMTVVR.S	1207
g8030.t1	K.TATAATGVAQR.H	644
g8039.t1	K.IKC[57.0215]PK.Y	1602
g8102.t1	K.ELDLHRCK.A	886
g8102.t1	K.ELDLHRCK.A	1693
g8102.t1	K.ELDLHRCK.A	662
g8188.t1	R.VCPPRQGEK.E	1821
g8202.t1	K.NDPLKPFEPK.L	520
g8281.t1	K.ANSSVREEAESIVR.T	1823
g8408.t1	R.EVGYVAMAEVCR.G	1546
g8422.t1	K.ADPM[15.9949]LLK.N	1288
g8422.t1	K.ADPM[15.9949]LLK.N	1048
g8518.t1	K.KDVLAFSFCDIR.R	1900
g8571.t1	R.KAMSGGANAQLR.G	1968
g8593.t1	K.AEDTHVIFTVPK.N	624
g8596.t1	K.LSRGDIC[57.0215]LR.L	1465
g8596.t1	K.LSRGDIC[57.0215]LR.L	1706
g8596.t1	K.LSRGDIC[57.0215]LR.L	1572
g8596.t1	K.LSRGDIC[57.0215]LR.L	1348
g8604.t1	R.EDAIM[15.9949]SLQLR.E	1887
g8652.t1	R.ELNATQSLR.L	1148
g8652.t1	R.ELNATQSLR.L	1625
g8652.t1	R.ELNATQSLR.L	1270
g8652.t1	R.ELNATQSLR.L	1394
g8652.t1	R.ELNATQSLR.L	1751
g8696.t1	K.EQQQPVEAAAEGGGGK.A	1888
g8696.t1	K.EQQQPVEAAAEGGGGK.A	1583
g8698.t1	R.M[15.9949]ASYYQAER.E	572
g8716.t1	R.HGVRQM[15.9949]LR.H	502
g8743.t1	R.VTNGEVEELPEGVR.Q	1940
g885.t1	K.TGDVGVM[15.9949]DER.G	722
g8877.t1	R.DSKLSFHVHFR.L	516
g8939.t1	K.TTQACMVM[15.9949]FDPK.D	1182
g8945.t1	R.AVMTLPEVK.T	746
g8988.t1	R.EEELSLM[15.9949]IAEK.E	330
g9046.t1	R.RRPGFQPR.T	680
g9058.t1	K.EVELCFYPGIK.G	1055
g9063.t1	R.AGGDDAPPDNGHLTAGNR.G	517
g9065.t1	R.EASAFVSFLNNR.V	1312
g9122.t1	R.ALLEPVMTK.S	637
g9153.t1	R.NM[15.9949]IMFGGRSAR.G	1430
g9230.t1	K.LEMWPVPAYK.C	1998
g9264.t1	R.FFERCIEAAR.K	851
g9299.t1	K.STAINILCNQK.R	1400
g934.t1	K.LDDTYK.L	1056
g9363.t1	R.EQSVYRFYGPR.L	675
g9378.t1	R.M[15.9949]EDLQC[57.0215]SLR.R	1438
g9378.t1	R.M[15.9949]EDLQC[57.0215]SLR.R	1152
g9391.t1	R.ASRWMDAAR.L	1177
g9391.t1	K.LTHM[15.9949]RSK.G	738
g9396.t1	R.QHRYTDALR.F	1355
g9396.t1	R.QHRYTDALR.F	1473
g9401.t1	R.FKHVMEAAR.S	1526
g9401.t1	R.FKHVMEAAR.S	1284
g9401.t1	K.SKFVAHMAR.V	769
g9408.t1	R.ERGDSDIGHDDTK.H	1782
g9434.t1	K.IKC[57.0215]PK.Y	1602
g9586.t1	K.AMLTTGC[57.0215]GFRK.K	890
g9709.t1	R.GAGDYDALSAVWTGR.Y	518
g971.t1	R.GEVHGLM[15.9949]GENGAGK.S	1939
g9738.t1	R.GNALTAGC[57.0215]VRK.L	1470
g9738.t1	R.GNALTAGC[57.0215]VRK.L	1712
g9738.t1	R.GNALTAGC[57.0215]VRK.L	1579
g9740.t1	R.LLQTVLSRM[15.9949]DK.V	1833
g9751.t1	K.APEVRNDYSINESR.G	473
g9767.t1	K.IQGPFLEK.H	1224
g9767.t1	K.IQGPFLEK.H	1105
g9851.t1	R.LKLM[15.9949]EEQER.Q	1758
g9851.t1	R.LKLM[15.9949]EEQER.Q	1633
g9859.t1	K.IEALHK.E	1406
g9925.t1	R.NAHKHGM[15.9949]R.F	485
