PSMId	score	q-value	posterior_error_prob	peptide	proteinIds
/bruto/DadosBioinfo/Dados_GuiMaia/TrangeliSC58/Proteome/10_TDGW20_GPI_Tripo_Tr1_Run3_971_2_1	-0.498101	0.272727	1	R.GAEMVINNKPDMK.T	DECOY_g3662.t1
/bruto/DadosBioinfo/Dados_GuiMaia/TrangeliSC58/Proteome/10_TDGW20_GPI_Tripo_Tr1_Run3_1433_2_1	-0.530725	0.272727	1	R.DALMQGVR.E	DECOY_g6141.t1
/bruto/DadosBioinfo/Dados_GuiMaia/TrangeliSC58/Proteome/10_TDGW20_GPI_Tripo_Tr1_Run3_549_1_1	-0.643663	0.333333	1	R.DVEQVVK.R	DECOY_g4490.t1
/bruto/DadosBioinfo/Dados_GuiMaia/TrangeliSC58/Proteome/10_TDGW20_GPI_Tripo_Tr1_Run3_1531_2_1	-0.650408	0.333333	1	R.WDPAEKSR.N	DECOY_g991.t1
/bruto/DadosBioinfo/Dados_GuiMaia/TrangeliSC58/Proteome/10_TDGW20_GPI_Tripo_Tr1_Run3_1189_2_1	-0.685926	0.333333	1	R.ICVGDAVR.L	DECOY_g7756.t1
/bruto/DadosBioinfo/Dados_GuiMaia/TrangeliSC58/Proteome/10_TDGW20_GPI_Tripo_Tr1_Run3_1533_2_1	-0.732815	0.368421	1	R.VMAPC[57.0215]FGSLRLEK.G	DECOY_g2521.t1
/bruto/DadosBioinfo/Dados_GuiMaia/TrangeliSC58/Proteome/10_TDGW20_GPI_Tripo_Tr1_Run3_782_3_1	-0.748056	0.421053	1	R.LALAPPHCQRAQQER.E	DECOY_g1116.t1
/bruto/DadosBioinfo/Dados_GuiMaia/TrangeliSC58/Proteome/10_TDGW20_GPI_Tripo_Tr1_Run3_1352_2_1	-0.750863	0.45	1	R.QGLVM[15.9949]LHFSR.Q	DECOY_g9460.t1
/bruto/DadosBioinfo/Dados_GuiMaia/TrangeliSC58/Proteome/10_TDGW20_GPI_Tripo_Tr1_Run3_651_2_1	-0.754141	0.5	1	R.WDNLEAIR.G	DECOY_g3986.t1
/bruto/DadosBioinfo/Dados_GuiMaia/TrangeliSC58/Proteome/10_TDGW20_GPI_Tripo_Tr1_Run3_305_1_1	-0.754471	0.5	1	K.AFFNK.L	DECOY_g6327.t1
/bruto/DadosBioinfo/Dados_GuiMaia/TrangeliSC58/Proteome/10_TDGW20_GPI_Tripo_Tr1_Run3_1294_3_1	-0.757296	0.5	1	K.LEGVRHASGCLAGVR.D	DECOY_g5825.t1
/bruto/DadosBioinfo/Dados_GuiMaia/TrangeliSC58/Proteome/10_TDGW20_GPI_Tripo_Tr1_Run3_1099_2_1	-0.773417	0.5	1	R.DEDISKGQQR.N	DECOY_g7537.t1
/bruto/DadosBioinfo/Dados_GuiMaia/TrangeliSC58/Proteome/10_TDGW20_GPI_Tripo_Tr1_Run3_853_2_1	-0.779852	0.538462	1	K.IDDM[15.9949]LVR.Y	DECOY_g8821.t1
/bruto/DadosBioinfo/Dados_GuiMaia/TrangeliSC58/Proteome/10_TDGW20_GPI_Tripo_Tr1_Run3_466_2_1	-0.781896	0.551724	1	R.DLQQSAQEANK.R	DECOY_g10471.t1
/bruto/DadosBioinfo/Dados_GuiMaia/TrangeliSC58/Proteome/10_TDGW20_GPI_Tripo_Tr1_Run3_567_2_1	-0.782455	0.551724	1	K.TGSNADAGRSCVSVDK.L	DECOY_g5956.t1
/bruto/DadosBioinfo/Dados_GuiMaia/TrangeliSC58/Proteome/10_TDGW20_GPI_Tripo_Tr1_Run3_955_2_1	-0.788105	0.586207	1	R.ASTM[15.9949]PNQLFGRR.A	DECOY_g6348.t1
/bruto/DadosBioinfo/Dados_GuiMaia/TrangeliSC58/Proteome/10_TDGW20_GPI_Tripo_Tr1_Run3_574_2_1	-0.789124	0.62069	1	K.LQFRSQR.Q	DECOY_g6684.t1
/bruto/DadosBioinfo/Dados_GuiMaia/TrangeliSC58/Proteome/10_TDGW20_GPI_Tripo_Tr1_Run3_1457_2_1	-0.794626	0.655172	1	-.IQIRMR.K	DECOY_g1686.t1
/bruto/DadosBioinfo/Dados_GuiMaia/TrangeliSC58/Proteome/10_TDGW20_GPI_Tripo_Tr1_Run3_593_2_1	-0.797585	0.65625	1	R.SVGGGSPTFVYQGK.N	DECOY_g3663.t1
/bruto/DadosBioinfo/Dados_GuiMaia/TrangeliSC58/Proteome/10_TDGW20_GPI_Tripo_Tr1_Run3_733_1_1	-0.798051	0.65625	1	R.NEKAVEGLK.T	DECOY_g10820.t1
/bruto/DadosBioinfo/Dados_GuiMaia/TrangeliSC58/Proteome/10_TDGW20_GPI_Tripo_Tr1_Run3_1504_1_1	-0.803796	0.666667	1	R.WIC[57.0215]LLTQR.R	DECOY_g6144.t1
/bruto/DadosBioinfo/Dados_GuiMaia/TrangeliSC58/Proteome/10_TDGW20_GPI_Tripo_Tr1_Run3_1946_2_1	-0.809185	0.666667	1	R.QMMPHDMYVDRR.A	DECOY_g8682.t1
/bruto/DadosBioinfo/Dados_GuiMaia/TrangeliSC58/Proteome/10_TDGW20_GPI_Tripo_Tr1_Run3_885_2_1	-0.8094	0.666667	1	R.M[15.9949]LRPRDSR.E	DECOY_g4234.t1
/bruto/DadosBioinfo/Dados_GuiMaia/TrangeliSC58/Proteome/10_TDGW20_GPI_Tripo_Tr1_Run3_1043_2_1	-0.810712	0.666667	1	R.ARSDEILER.L	DECOY_g5925.t1
/bruto/DadosBioinfo/Dados_GuiMaia/TrangeliSC58/Proteome/10_TDGW20_GPI_Tripo_Tr1_Run3_1561_2_1	-0.812216	0.666667	1	R.GMGVNVGAHTK.D	DECOY_g917.t1
/bruto/DadosBioinfo/Dados_GuiMaia/TrangeliSC58/Proteome/10_TDGW20_GPI_Tripo_Tr1_Run3_531_2_1	-0.815827	0.666667	1	-.RALPNM[15.9949]R.V	DECOY_g7122.t1
/bruto/DadosBioinfo/Dados_GuiMaia/TrangeliSC58/Proteome/10_TDGW20_GPI_Tripo_Tr1_Run3_1073_2_1	-0.819212	0.666667	1	R.RVAAPFR.L	DECOY_g5670.t1
/bruto/DadosBioinfo/Dados_GuiMaia/TrangeliSC58/Proteome/10_TDGW20_GPI_Tripo_Tr1_Run3_699_2_1	-0.825428	0.666667	1	R.DWFGYEPGK.S	DECOY_g4780.t1
/bruto/DadosBioinfo/Dados_GuiMaia/TrangeliSC58/Proteome/10_TDGW20_GPI_Tripo_Tr1_Run3_1086_2_1	-0.82586	0.666667	1	K.NMLLFPFYVK.K	DECOY_g10271.t1
/bruto/DadosBioinfo/Dados_GuiMaia/TrangeliSC58/Proteome/10_TDGW20_GPI_Tripo_Tr1_Run3_964_2_1	-0.828882	0.666667	1	K.PNMTMEVVRK.G	DECOY_g9182.t1
/bruto/DadosBioinfo/Dados_GuiMaia/TrangeliSC58/Proteome/10_TDGW20_GPI_Tripo_Tr1_Run3_1461_1_1	-0.829955	0.666667	1	K.NKDETVVAR.D	DECOY_g3111.t1
/bruto/DadosBioinfo/Dados_GuiMaia/TrangeliSC58/Proteome/10_TDGW20_GPI_Tripo_Tr1_Run3_1564_2_1	-0.831474	0.666667	1	R.GFVKNYNEER.R	DECOY_g9859.t1
/bruto/DadosBioinfo/Dados_GuiMaia/TrangeliSC58/Proteome/10_TDGW20_GPI_Tripo_Tr1_Run3_837_2_1	-0.840347	0.666667	1	K.FDPM[15.9949]PPANRLHR.Q	DECOY_g3576.t1
/bruto/DadosBioinfo/Dados_GuiMaia/TrangeliSC58/Proteome/10_TDGW20_GPI_Tripo_Tr1_Run3_658_2_1	-0.841066	0.686275	1	R.TLEFPDPSK.L	DECOY_g3114.t1
/bruto/DadosBioinfo/Dados_GuiMaia/TrangeliSC58/Proteome/10_TDGW20_GPI_Tripo_Tr1_Run3_907_2_1	-0.842703	0.705882	1	R.NAM[15.9949]LLSDRAR.V	DECOY_g307.t1
/bruto/DadosBioinfo/Dados_GuiMaia/TrangeliSC58/Proteome/10_TDGW20_GPI_Tripo_Tr1_Run3_1138_2_1	-0.843878	0.72549	1	R.DVAIVGRC[57.0215]R.M	DECOY_g8911.t1
/bruto/DadosBioinfo/Dados_GuiMaia/TrangeliSC58/Proteome/10_TDGW20_GPI_Tripo_Tr1_Run3_811_2_1	-0.844032	0.730769	1	R.QLLVFSC[57.0215]GGK.K	DECOY_g3639.t1
/bruto/DadosBioinfo/Dados_GuiMaia/TrangeliSC58/Proteome/10_TDGW20_GPI_Tripo_Tr1_Run3_726_2_1	-0.846463	0.75	1	R.ALPMGTRR.V	DECOY_g7784.t1
/bruto/DadosBioinfo/Dados_GuiMaia/TrangeliSC58/Proteome/10_TDGW20_GPI_Tripo_Tr1_Run3_1987_2_1	-0.847486	0.769231	1	R.VNDLM[15.9949]VDCTKTGR.V	DECOY_g3004.t1
/bruto/DadosBioinfo/Dados_GuiMaia/TrangeliSC58/Proteome/10_TDGW20_GPI_Tripo_Tr1_Run3_606_2_1	-0.849899	0.788462	1	K.ALVAPSWQK.W	DECOY_g5236.t1
/bruto/DadosBioinfo/Dados_GuiMaia/TrangeliSC58/Proteome/10_TDGW20_GPI_Tripo_Tr1_Run3_1067_2_1	-0.851791	0.807692	1	K.CNRVFTPSVR.L	DECOY_g4547.t1
/bruto/DadosBioinfo/Dados_GuiMaia/TrangeliSC58/Proteome/10_TDGW20_GPI_Tripo_Tr1_Run3_881_2_1	-0.852987	0.814815	1	R.DPDAYTLKEEEK.Q	DECOY_g7257.t1
/bruto/DadosBioinfo/Dados_GuiMaia/TrangeliSC58/Proteome/10_TDGW20_GPI_Tripo_Tr1_Run3_1580_2_1	-0.853071	0.814815	1	K.LSEEFPLGR.W	DECOY_g4350.t1
/bruto/DadosBioinfo/Dados_GuiMaia/TrangeliSC58/Proteome/10_TDGW20_GPI_Tripo_Tr1_Run3_1481_3_1	-0.853796	0.828571	1	K.ASQIAEM[15.9949]FFLSC[57.0215]TEQR.K	DECOY_g1384.t1
/bruto/DadosBioinfo/Dados_GuiMaia/TrangeliSC58/Proteome/10_TDGW20_GPI_Tripo_Tr1_Run3_867_2_1	-0.854804	0.828571	1	R.ALSAPEATEGAIC[57.0215]R.A	DECOY_g2691.t1
/bruto/DadosBioinfo/Dados_GuiMaia/TrangeliSC58/Proteome/10_TDGW20_GPI_Tripo_Tr1_Run3_663_2_1	-0.856985	0.828571	1	K.M[15.9949]ETAGEKGGK.K	DECOY_g6746.t1
/bruto/DadosBioinfo/Dados_GuiMaia/TrangeliSC58/Proteome/10_TDGW20_GPI_Tripo_Tr1_Run3_980_2_1	-0.858229	0.828571	1	R.EDRVVQLEDAHAR.N	DECOY_g9161.t1
/bruto/DadosBioinfo/Dados_GuiMaia/TrangeliSC58/Proteome/10_TDGW20_GPI_Tripo_Tr1_Run3_1950_2_1	-0.858423	0.828571	1	R.LSTNVEGNEGR.F	DECOY_g5829.t1
/bruto/DadosBioinfo/Dados_GuiMaia/TrangeliSC58/Proteome/10_TDGW20_GPI_Tripo_Tr1_Run3_548_2_1	-0.862956	0.828571	1	R.YHGRIER.G	DECOY_g921.t1
/bruto/DadosBioinfo/Dados_GuiMaia/TrangeliSC58/Proteome/10_TDGW20_GPI_Tripo_Tr1_Run3_876_2_1	-0.868246	0.828571	1	K.FAVAFC[57.0215]NLHTDR.N	DECOY_g5027.t1
/bruto/DadosBioinfo/Dados_GuiMaia/TrangeliSC58/Proteome/10_TDGW20_GPI_Tripo_Tr1_Run3_864_2_1	-0.870034	0.828571	1	R.SLNGDEREQK.R	DECOY_g2125.t1
/bruto/DadosBioinfo/Dados_GuiMaia/TrangeliSC58/Proteome/10_TDGW20_GPI_Tripo_Tr1_Run3_1402_3_1	-0.872321	0.828571	1	R.AEACLACLPDPHYLNR.A	DECOY_g2513.t1
/bruto/DadosBioinfo/Dados_GuiMaia/TrangeliSC58/Proteome/10_TDGW20_GPI_Tripo_Tr1_Run3_495_2_1	-0.872727	0.828571	1	R.AEAEHEAFK.R	DECOY_g5526.t1
/bruto/DadosBioinfo/Dados_GuiMaia/TrangeliSC58/Proteome/10_TDGW20_GPI_Tripo_Tr1_Run3_684_2_1	-0.874137	0.828571	1	R.ESEDKVPAQPGR.E	DECOY_g5672.t1
/bruto/DadosBioinfo/Dados_GuiMaia/TrangeliSC58/Proteome/10_TDGW20_GPI_Tripo_Tr1_Run3_683_2_1	-0.875215	0.828571	1	K.ISAVDSLQ.-	DECOY_g3940.t1
/bruto/DadosBioinfo/Dados_GuiMaia/TrangeliSC58/Proteome/10_TDGW20_GPI_Tripo_Tr1_Run3_1524_2_1	-0.876484	0.828571	1	R.VAQVEETARMK.T	DECOY_g4783.t1
/bruto/DadosBioinfo/Dados_GuiMaia/TrangeliSC58/Proteome/10_TDGW20_GPI_Tripo_Tr1_Run3_1512_2_1	-0.877832	0.828571	1	R.M[15.9949]ANLLSEELR.K	DECOY_g3173.t1
/bruto/DadosBioinfo/Dados_GuiMaia/TrangeliSC58/Proteome/10_TDGW20_GPI_Tripo_Tr1_Run3_1111_2_1	-0.87868	0.828571	1	R.VNRDPSVM[15.9949]AR.I	DECOY_g1258.t1
/bruto/DadosBioinfo/Dados_GuiMaia/TrangeliSC58/Proteome/10_TDGW20_GPI_Tripo_Tr1_Run3_1282_2_1	-0.879427	0.828571	1	R.RLM[15.9949]HEMR.F	DECOY_g9461.t1
/bruto/DadosBioinfo/Dados_GuiMaia/TrangeliSC58/Proteome/10_TDGW20_GPI_Tripo_Tr1_Run3_620_2_1	-0.879952	0.828571	1	R.FKEPVEEWPMQK.Q	DECOY_g2845.t1
/bruto/DadosBioinfo/Dados_GuiMaia/TrangeliSC58/Proteome/10_TDGW20_GPI_Tripo_Tr1_Run3_500_2_1	-0.883259	0.828571	1	R.LGYDALFK.W	DECOY_g4493.t1
/bruto/DadosBioinfo/Dados_GuiMaia/TrangeliSC58/Proteome/10_TDGW20_GPI_Tripo_Tr1_Run3_696_2_1	-0.887117	0.828571	1	K.QVGGDESGNSR.F	DECOY_g7832.t1
/bruto/DadosBioinfo/Dados_GuiMaia/TrangeliSC58/Proteome/10_TDGW20_GPI_Tripo_Tr1_Run3_1134_2_1	-0.890032	0.828571	1	R.DVLWHHEALR.Q	DECOY_g8638.t1
/bruto/DadosBioinfo/Dados_GuiMaia/TrangeliSC58/Proteome/10_TDGW20_GPI_Tripo_Tr1_Run3_1274_2_1	-0.890243	0.828571	1	K.YLQLLANR.E	DECOY_g4504.t1
/bruto/DadosBioinfo/Dados_GuiMaia/TrangeliSC58/Proteome/10_TDGW20_GPI_Tripo_Tr1_Run3_1256_2_1	-0.891829	0.828571	1	R.DVSEASAASAIVR.S	DECOY_g10617.t1
/bruto/DadosBioinfo/Dados_GuiMaia/TrangeliSC58/Proteome/10_TDGW20_GPI_Tripo_Tr1_Run3_1041_2_1	-0.892603	0.828571	1	K.RFNC[57.0215]LR.I	DECOY_g8583.t1
/bruto/DadosBioinfo/Dados_GuiMaia/TrangeliSC58/Proteome/10_TDGW20_GPI_Tripo_Tr1_Run3_551_2_1	-0.893715	0.828571	1	R.WQEVELAEK.Y	DECOY_g10756.t1
/bruto/DadosBioinfo/Dados_GuiMaia/TrangeliSC58/Proteome/10_TDGW20_GPI_Tripo_Tr1_Run3_1945_2_1	-0.895444	0.828571	1	R.IDIKCHER.A	DECOY_g7647.t1
/bruto/DadosBioinfo/Dados_GuiMaia/TrangeliSC58/Proteome/10_TDGW20_GPI_Tripo_Tr1_Run3_784_2_1	-0.900779	0.828571	1	R.PVGGFWAMHR.V	DECOY_g4741.t1
/bruto/DadosBioinfo/Dados_GuiMaia/TrangeliSC58/Proteome/10_TDGW20_GPI_Tripo_Tr1_Run3_1932_2_1	-0.900929	0.828571	1	R.LVEMVEK.K	DECOY_g7929.t1
/bruto/DadosBioinfo/Dados_GuiMaia/TrangeliSC58/Proteome/10_TDGW20_GPI_Tripo_Tr1_Run3_647_1_1	-0.90095	0.828571	1	R.QRM[15.9949]IPRK.Y	DECOY_g8857.t1
/bruto/DadosBioinfo/Dados_GuiMaia/TrangeliSC58/Proteome/10_TDGW20_GPI_Tripo_Tr1_Run3_604_2_1	-0.905949	0.828571	1	R.NTMTPSRPRR.R	DECOY_g9015.t1
/bruto/DadosBioinfo/Dados_GuiMaia/TrangeliSC58/Proteome/10_TDGW20_GPI_Tripo_Tr1_Run3_774_2_1	-0.908736	0.828571	1	R.LNRVQSLM[15.9949]LLR.G	DECOY_g10918.t1
/bruto/DadosBioinfo/Dados_GuiMaia/TrangeliSC58/Proteome/10_TDGW20_GPI_Tripo_Tr1_Run3_1095_3_1	-0.91072	0.828571	1	R.PLYHQDGPKYVEAEGVR.H	DECOY_g4926.t1
/bruto/DadosBioinfo/Dados_GuiMaia/TrangeliSC58/Proteome/10_TDGW20_GPI_Tripo_Tr1_Run3_1820_2_1	-0.913509	0.828571	1	K.M[15.9949]LGTC[57.0215]HHLVR.S	DECOY_g7152.t1
/bruto/DadosBioinfo/Dados_GuiMaia/TrangeliSC58/Proteome/10_TDGW20_GPI_Tripo_Tr1_Run3_646_2_1	-0.914224	0.828571	1	K.RSDNNNK.L	DECOY_g5006.t1
/bruto/DadosBioinfo/Dados_GuiMaia/TrangeliSC58/Proteome/10_TDGW20_GPI_Tripo_Tr1_Run3_1388_1_1	-0.91462	0.828571	1	K.GGVLGYK.D	DECOY_g10636.t1
/bruto/DadosBioinfo/Dados_GuiMaia/TrangeliSC58/Proteome/10_TDGW20_GPI_Tripo_Tr1_Run3_1392_2_1	-0.914705	0.828571	1	K.NIM[15.9949]VRC[57.0215]GLR.N	DECOY_g7600.t1
/bruto/DadosBioinfo/Dados_GuiMaia/TrangeliSC58/Proteome/10_TDGW20_GPI_Tripo_Tr1_Run3_519_2_1	-0.91913	0.828571	1	-.LSTASAGAAEEWNVGAMR.V	DECOY_g7944.t1
/bruto/DadosBioinfo/Dados_GuiMaia/TrangeliSC58/Proteome/10_TDGW20_GPI_Tripo_Tr1_Run3_1132_2_1	-0.919337	0.828571	1	R.QQQFPPTFGSR.Q	DECOY_g6718.t1
/bruto/DadosBioinfo/Dados_GuiMaia/TrangeliSC58/Proteome/10_TDGW20_GPI_Tripo_Tr1_Run3_776_3_1	-0.91947	0.828571	1	K.DNIAEGLGMNLTIK.K	DECOY_g9287.t1
/bruto/DadosBioinfo/Dados_GuiMaia/TrangeliSC58/Proteome/10_TDGW20_GPI_Tripo_Tr1_Run3_1411_2_1	-0.920787	0.828571	1	R.AAEMVHKFR.S	DECOY_g9401.t1
/bruto/DadosBioinfo/Dados_GuiMaia/TrangeliSC58/Proteome/10_TDGW20_GPI_Tripo_Tr1_Run3_1434_2_1	-0.922841	0.828571	1	R.GACEVTEAVK.V	DECOY_g8928.t1
/bruto/DadosBioinfo/Dados_GuiMaia/TrangeliSC58/Proteome/10_TDGW20_GPI_Tripo_Tr1_Run3_947_2_1	-0.924013	0.828571	1	K.EDMAPRRVLGK.L	DECOY_g1949.t1
/bruto/DadosBioinfo/Dados_GuiMaia/TrangeliSC58/Proteome/10_TDGW20_GPI_Tripo_Tr1_Run3_350_2_1	-0.925622	0.828571	1	R.YFMQMK.A	DECOY_g10039.t1
/bruto/DadosBioinfo/Dados_GuiMaia/TrangeliSC58/Proteome/10_TDGW20_GPI_Tripo_Tr1_Run3_932_2_1	-0.927787	0.828571	1	R.PDYLPAK.E	DECOY_g4095.t1
/bruto/DadosBioinfo/Dados_GuiMaia/TrangeliSC58/Proteome/10_TDGW20_GPI_Tripo_Tr1_Run3_561_2_1	-0.92939	0.830189	1	R.SLEFFVK.Q	DECOY_g3462.t1
/bruto/DadosBioinfo/Dados_GuiMaia/TrangeliSC58/Proteome/10_TDGW20_GPI_Tripo_Tr1_Run3_753_2_1	-0.933533	0.833333	1	R.AEEVSTALSSC[57.0215]C[57.0215]IEHGK.S	DECOY_g6621.t1
/bruto/DadosBioinfo/Dados_GuiMaia/TrangeliSC58/Proteome/10_TDGW20_GPI_Tripo_Tr1_Run3_536_2_1	-0.933942	0.833333	1	R.FAYRCSGVYEGR.Q	DECOY_g3805.t1
/bruto/DadosBioinfo/Dados_GuiMaia/TrangeliSC58/Proteome/10_TDGW20_GPI_Tripo_Tr1_Run3_827_2_1	-0.934659	0.833333	1	K.EC[57.0215]LPRLMR.W	DECOY_g7391.t1	DECOY_g7403.t1	DECOY_g7407.t1	DECOY_g8540.t1
/bruto/DadosBioinfo/Dados_GuiMaia/TrangeliSC58/Proteome/10_TDGW20_GPI_Tripo_Tr1_Run3_737_2_1	-0.935017	0.833333	1	R.VRTEPVCHPWTR.K	DECOY_g5464.t1
/bruto/DadosBioinfo/Dados_GuiMaia/TrangeliSC58/Proteome/10_TDGW20_GPI_Tripo_Tr1_Run3_633_2_1	-0.936838	0.833333	1	K.HC[57.0215]C[57.0215]ELAQRM[15.9949]VK.G	DECOY_g9076.t1
/bruto/DadosBioinfo/Dados_GuiMaia/TrangeliSC58/Proteome/10_TDGW20_GPI_Tripo_Tr1_Run3_1689_2_1	-0.938101	0.833333	1	R.KLLHQFK.A	DECOY_g1193.t1
/bruto/DadosBioinfo/Dados_GuiMaia/TrangeliSC58/Proteome/10_TDGW20_GPI_Tripo_Tr1_Run3_1266_2_1	-0.938332	0.833333	1	K.TASTM[15.9949]FVRGK.A	DECOY_g4223.t1
/bruto/DadosBioinfo/Dados_GuiMaia/TrangeliSC58/Proteome/10_TDGW20_GPI_Tripo_Tr1_Run3_554_2_1	-0.939156	0.833333	1	R.RYPGAHK.L	DECOY_g5023.t1
/bruto/DadosBioinfo/Dados_GuiMaia/TrangeliSC58/Proteome/10_TDGW20_GPI_Tripo_Tr1_Run3_1006_3_1	-0.941495	0.833333	1	R.SNLERC[57.0215]HGLR.R	DECOY_g8685.t1
/bruto/DadosBioinfo/Dados_GuiMaia/TrangeliSC58/Proteome/10_TDGW20_GPI_Tripo_Tr1_Run3_679_2_1	-0.943947	0.833333	1	-.RAAAFMR.R	DECOY_g6695.t1
/bruto/DadosBioinfo/Dados_GuiMaia/TrangeliSC58/Proteome/10_TDGW20_GPI_Tripo_Tr1_Run3_732_2_1	-0.945954	0.833333	1	-.IDGSRVVHSSHMR.L	DECOY_g2985.t1
/bruto/DadosBioinfo/Dados_GuiMaia/TrangeliSC58/Proteome/10_TDGW20_GPI_Tripo_Tr1_Run3_690_2_1	-0.948265	0.833333	1	R.LALRQM[15.9949]AR.F	DECOY_g5298.t1
/bruto/DadosBioinfo/Dados_GuiMaia/TrangeliSC58/Proteome/10_TDGW20_GPI_Tripo_Tr1_Run3_984_2_1	-0.949265	0.834711	1	K.QRGALPM[15.9949]AR.K	DECOY_g3943.t1
/bruto/DadosBioinfo/Dados_GuiMaia/TrangeliSC58/Proteome/10_TDGW20_GPI_Tripo_Tr1_Run3_352_2_1	-0.950623	0.84	1	-.EISTTM[15.9949]K.R	DECOY_g3777.t1
/bruto/DadosBioinfo/Dados_GuiMaia/TrangeliSC58/Proteome/10_TDGW20_GPI_Tripo_Tr1_Run3_757_2_1	-0.950805	0.84	1	K.AKC[57.0215]SPC[57.0215]PFLASR.D	DECOY_g3473.t1
/bruto/DadosBioinfo/Dados_GuiMaia/TrangeliSC58/Proteome/10_TDGW20_GPI_Tripo_Tr1_Run3_460_3_1	-0.951288	0.84	1	R.GM[15.9949]AVRC[57.0215]ADEER.L	DECOY_g7461.t1
/bruto/DadosBioinfo/Dados_GuiMaia/TrangeliSC58/Proteome/10_TDGW20_GPI_Tripo_Tr1_Run3_653_2_1	-0.952846	0.84	1	K.IVDDAFLAK.N	DECOY_g5327.t1
/bruto/DadosBioinfo/Dados_GuiMaia/TrangeliSC58/Proteome/10_TDGW20_GPI_Tripo_Tr1_Run3_819_2_1	-0.957303	0.848	1	K.KALWSAQIEADEK.K	DECOY_g7819.t1
/bruto/DadosBioinfo/Dados_GuiMaia/TrangeliSC58/Proteome/10_TDGW20_GPI_Tripo_Tr1_Run3_1567_2_1	-0.959179	0.856	1	K.MNTQVLGPCR.K	DECOY_g1600.t1
/bruto/DadosBioinfo/Dados_GuiMaia/TrangeliSC58/Proteome/10_TDGW20_GPI_Tripo_Tr1_Run3_963_2_1	-0.960021	0.85906	1	R.RGNQFTCVGHGC[57.0215]R.Y	DECOY_g9808.t1
/bruto/DadosBioinfo/Dados_GuiMaia/TrangeliSC58/Proteome/10_TDGW20_GPI_Tripo_Tr1_Run3_866_3_1	-0.960328	0.85906	1	R.RCFC[57.0215]SLWSNLR.H	DECOY_g10221.t1
/bruto/DadosBioinfo/Dados_GuiMaia/TrangeliSC58/Proteome/10_TDGW20_GPI_Tripo_Tr1_Run3_642_2_1	-0.960405	0.85906	1	R.SPTNVHQQMEQR.L	DECOY_g8605.t1
/bruto/DadosBioinfo/Dados_GuiMaia/TrangeliSC58/Proteome/10_TDGW20_GPI_Tripo_Tr1_Run3_1836_2_1	-0.962621	0.85906	1	R.GYMALPKGAANPDVG.-	DECOY_g295.t1
/bruto/DadosBioinfo/Dados_GuiMaia/TrangeliSC58/Proteome/10_TDGW20_GPI_Tripo_Tr1_Run3_1340_2_1	-0.965005	0.85906	1	R.SPDSNSLIDK.A	DECOY_g3703.t1
/bruto/DadosBioinfo/Dados_GuiMaia/TrangeliSC58/Proteome/10_TDGW20_GPI_Tripo_Tr1_Run3_585_3_1	-0.96636	0.85906	1	K.VADDWVVSGGIPNK.G	DECOY_g293.t1
/bruto/DadosBioinfo/Dados_GuiMaia/TrangeliSC58/Proteome/10_TDGW20_GPI_Tripo_Tr1_Run3_1336_1_1	-0.967866	0.85906	1	-.SLPRHFM[15.9949]K.L	DECOY_g9362.t1
/bruto/DadosBioinfo/Dados_GuiMaia/TrangeliSC58/Proteome/10_TDGW20_GPI_Tripo_Tr1_Run3_1391_2_1	-0.969543	0.85906	1	K.QVSDQLTELSR.L	DECOY_g5666.t1
/bruto/DadosBioinfo/Dados_GuiMaia/TrangeliSC58/Proteome/10_TDGW20_GPI_Tripo_Tr1_Run3_1811_2_1	-0.96995	0.85906	1	K.DC[57.0215]WAAFFRR.V	DECOY_g1833.t1
/bruto/DadosBioinfo/Dados_GuiMaia/TrangeliSC58/Proteome/10_TDGW20_GPI_Tripo_Tr1_Run3_798_2_1	-0.970493	0.85906	1	R.GGGNATAYSLAIDR.A	DECOY_g4405.t1
/bruto/DadosBioinfo/Dados_GuiMaia/TrangeliSC58/Proteome/10_TDGW20_GPI_Tripo_Tr1_Run3_1520_2_1	-0.971225	0.85906	1	R.ASFVEDEHHSMR.A	DECOY_g8894.t1
/bruto/DadosBioinfo/Dados_GuiMaia/TrangeliSC58/Proteome/10_TDGW20_GPI_Tripo_Tr1_Run3_855_2_1	-0.971236	0.85906	1	R.C[57.0215]QLMWLR.N	DECOY_g9175.t1
/bruto/DadosBioinfo/Dados_GuiMaia/TrangeliSC58/Proteome/10_TDGW20_GPI_Tripo_Tr1_Run3_546_2_1	-0.972458	0.85906	1	R.LAC[57.0215]SDVEIAAHVR.E	DECOY_g4796.t1
/bruto/DadosBioinfo/Dados_GuiMaia/TrangeliSC58/Proteome/10_TDGW20_GPI_Tripo_Tr1_Run3_587_2_1	-0.97578	0.85906	1	K.WAIPDAVK.Q	DECOY_g9609.t1
/bruto/DadosBioinfo/Dados_GuiMaia/TrangeliSC58/Proteome/10_TDGW20_GPI_Tripo_Tr1_Run3_1876_2_1	-0.977686	0.85906	1	R.ILKSGISK.M	DECOY_g704.t1
/bruto/DadosBioinfo/Dados_GuiMaia/TrangeliSC58/Proteome/10_TDGW20_GPI_Tripo_Tr1_Run3_1128_2_1	-0.978665	0.85906	1	R.DTVSSYTPGYLIR.L	DECOY_g3663.t1
/bruto/DadosBioinfo/Dados_GuiMaia/TrangeliSC58/Proteome/10_TDGW20_GPI_Tripo_Tr1_Run3_1015_3_1	-0.981143	0.85906	1	R.EEVLFKILGEEDPEK.L	DECOY_g3857.t1
/bruto/DadosBioinfo/Dados_GuiMaia/TrangeliSC58/Proteome/10_TDGW20_GPI_Tripo_Tr1_Run3_877_1_1	-0.984494	0.85906	1	K.GPHGTTGNK.V	DECOY_g1918.t1
/bruto/DadosBioinfo/Dados_GuiMaia/TrangeliSC58/Proteome/10_TDGW20_GPI_Tripo_Tr1_Run3_1376_2_1	-0.984651	0.85906	1	R.SPYWTPSIYADGAK.H	DECOY_g3003.t1
/bruto/DadosBioinfo/Dados_GuiMaia/TrangeliSC58/Proteome/10_TDGW20_GPI_Tripo_Tr1_Run3_1115_3_1	-0.986029	0.85906	1	-.SGRLGLTGAIHMK.T	DECOY_g1681.t1
/bruto/DadosBioinfo/Dados_GuiMaia/TrangeliSC58/Proteome/10_TDGW20_GPI_Tripo_Tr1_Run3_1456_3_1	-0.986642	0.85906	1	R.FDANGGC[57.0215]GGNKYK.H	DECOY_g1969.t1
/bruto/DadosBioinfo/Dados_GuiMaia/TrangeliSC58/Proteome/10_TDGW20_GPI_Tripo_Tr1_Run3_1889_2_1	-0.989356	0.865772	1	-.VLSSGFDAVIMK.A	DECOY_g3457.t1
/bruto/DadosBioinfo/Dados_GuiMaia/TrangeliSC58/Proteome/10_TDGW20_GPI_Tripo_Tr1_Run3_927_1_1	-0.990557	0.86755	1	K.EEVAYEER.R	DECOY_g5463.t1
/bruto/DadosBioinfo/Dados_GuiMaia/TrangeliSC58/Proteome/10_TDGW20_GPI_Tripo_Tr1_Run3_636_2_1	-0.993331	0.86755	1	K.GWQARAR.E	DECOY_g8575.t1
/bruto/DadosBioinfo/Dados_GuiMaia/TrangeliSC58/Proteome/10_TDGW20_GPI_Tripo_Tr1_Run3_1081_2_1	-0.996385	0.869048	1	K.VPLSWLK.R	DECOY_g1893.t1
/bruto/DadosBioinfo/Dados_GuiMaia/TrangeliSC58/Proteome/10_TDGW20_GPI_Tripo_Tr1_Run3_914_2_1	-0.996836	0.869048	1	R.LSSPHNDR.H	DECOY_g5024.t1
/bruto/DadosBioinfo/Dados_GuiMaia/TrangeliSC58/Proteome/10_TDGW20_GPI_Tripo_Tr1_Run3_937_2_1	-0.996956	0.869048	1	R.ASVLC[57.0215]SM[15.9949]QLVGK.R	DECOY_g10507.t1
/bruto/DadosBioinfo/Dados_GuiMaia/TrangeliSC58/Proteome/10_TDGW20_GPI_Tripo_Tr1_Run3_612_2_1	-0.997231	0.869048	1	K.SREGSGAAVR.K	DECOY_g2406.t1
/bruto/DadosBioinfo/Dados_GuiMaia/TrangeliSC58/Proteome/10_TDGW20_GPI_Tripo_Tr1_Run3_1262_3_1	-0.998901	0.869048	1	R.CDRAHGDVEDILR.A	DECOY_g5306.t1
/bruto/DadosBioinfo/Dados_GuiMaia/TrangeliSC58/Proteome/10_TDGW20_GPI_Tripo_Tr1_Run3_1575_2_1	-1	0.869048	1	R.RPHLC[57.0215]HIDEAR.T	DECOY_g2413.t1
/bruto/DadosBioinfo/Dados_GuiMaia/TrangeliSC58/Proteome/10_TDGW20_GPI_Tripo_Tr1_Run3_727_3_1	-1	0.869048	1	R.LEEVSSGAMTGARK.R	DECOY_g4973.t1
/bruto/DadosBioinfo/Dados_GuiMaia/TrangeliSC58/Proteome/10_TDGW20_GPI_Tripo_Tr1_Run3_1120_1_1	-1.00168	0.869048	1	R.PFVSR.L	DECOY_g7968.t1
/bruto/DadosBioinfo/Dados_GuiMaia/TrangeliSC58/Proteome/10_TDGW20_GPI_Tripo_Tr1_Run3_721_2_1	-1.00392	0.869048	1	R.LSSLHSLFVRR.D	DECOY_g2567.t1
/bruto/DadosBioinfo/Dados_GuiMaia/TrangeliSC58/Proteome/10_TDGW20_GPI_Tripo_Tr1_Run3_1791_2_1	-1.0044	0.869048	1	R.DPTVDVLIGGTDK.H	DECOY_g9092.t1
/bruto/DadosBioinfo/Dados_GuiMaia/TrangeliSC58/Proteome/10_TDGW20_GPI_Tripo_Tr1_Run3_703_2_1	-1.0048	0.869048	1	R.GYAM[15.9949]LREHK.F	DECOY_g304.t1
/bruto/DadosBioinfo/Dados_GuiMaia/TrangeliSC58/Proteome/10_TDGW20_GPI_Tripo_Tr1_Run3_1818_3_1	-1.00618	0.869048	1	-.ALLPAAYDKYM[15.9949]R.G	DECOY_g9355.t1
/bruto/DadosBioinfo/Dados_GuiMaia/TrangeliSC58/Proteome/10_TDGW20_GPI_Tripo_Tr1_Run3_1936_2_1	-1.00787	0.869048	1	-.LAFPHLAIM[15.9949]R.R	DECOY_g6470.t1
/bruto/DadosBioinfo/Dados_GuiMaia/TrangeliSC58/Proteome/10_TDGW20_GPI_Tripo_Tr1_Run3_894_2_1	-1.01221	0.869048	1	R.LSC[57.0215]QLDEM[15.9949]R.R	DECOY_g9378.t1
/bruto/DadosBioinfo/Dados_GuiMaia/TrangeliSC58/Proteome/10_TDGW20_GPI_Tripo_Tr1_Run3_1419_2_1	-1.01623	0.869048	1	R.M[15.9949]AVDFVGLEK.N	DECOY_g10487.t1
/bruto/DadosBioinfo/Dados_GuiMaia/TrangeliSC58/Proteome/10_TDGW20_GPI_Tripo_Tr1_Run3_1702_2_1	-1.01774	0.875	1	R.ALAILC[57.0215]VFIDK.C	DECOY_g4947.t1
/bruto/DadosBioinfo/Dados_GuiMaia/TrangeliSC58/Proteome/10_TDGW20_GPI_Tripo_Tr1_Run3_830_3_1	-1.01944	0.87931	1	R.VAGYDDNYAKILR.F	DECOY_g4251.t1
/bruto/DadosBioinfo/Dados_GuiMaia/TrangeliSC58/Proteome/10_TDGW20_GPI_Tripo_Tr1_Run3_973_3_1	-1.01968	0.87931	1	K.PDFM[15.9949]VMCAQTTK.D	DECOY_g8939.t1
/bruto/DadosBioinfo/Dados_GuiMaia/TrangeliSC58/Proteome/10_TDGW20_GPI_Tripo_Tr1_Run3_1584_2_1	-1.02028	0.87931	1	-.AYDESSLVPPM[15.9949]K.A	DECOY_g7896.t1
/bruto/DadosBioinfo/Dados_GuiMaia/TrangeliSC58/Proteome/10_TDGW20_GPI_Tripo_Tr1_Run3_792_3_1	-1.02041	0.87931	1	R.EQQLESHDILR.I	DECOY_g311.t1
/bruto/DadosBioinfo/Dados_GuiMaia/TrangeliSC58/Proteome/10_TDGW20_GPI_Tripo_Tr1_Run3_1664_2_1	-1.02159	0.87931	1	R.CYEYLLLSLR.T	DECOY_g9255.t1
/bruto/DadosBioinfo/Dados_GuiMaia/TrangeliSC58/Proteome/10_TDGW20_GPI_Tripo_Tr1_Run3_1039_3_1	-1.02253	0.87931	1	K.AQLSAQMYDDYNGPYVR.E	DECOY_g773.t1
/bruto/DadosBioinfo/Dados_GuiMaia/TrangeliSC58/Proteome/10_TDGW20_GPI_Tripo_Tr1_Run3_1243_3_1	-1.0255	0.885057	1	R.TSYTAEISRGGR.N	DECOY_g1356.t1
/bruto/DadosBioinfo/Dados_GuiMaia/TrangeliSC58/Proteome/10_TDGW20_GPI_Tripo_Tr1_Run3_1258_1_1	-1.02575	0.890805	1	R.PGPVFVVK.A	DECOY_g6506.t1
/bruto/DadosBioinfo/Dados_GuiMaia/TrangeliSC58/Proteome/10_TDGW20_GPI_Tripo_Tr1_Run3_580_2_1	-1.0258	0.891429	1	R.QLEAVNCPSGRAR.R	DECOY_g3424.t1
/bruto/DadosBioinfo/Dados_GuiMaia/TrangeliSC58/Proteome/10_TDGW20_GPI_Tripo_Tr1_Run3_693_1_1	-1.02829	0.897143	1	K.NMPSRVR.V	DECOY_g9622.t1
/bruto/DadosBioinfo/Dados_GuiMaia/TrangeliSC58/Proteome/10_TDGW20_GPI_Tripo_Tr1_Run3_1654_1_1	-1.02908	0.897436	1	K.PNPVTVK.I	DECOY_g9133.t1
/bruto/DadosBioinfo/Dados_GuiMaia/TrangeliSC58/Proteome/10_TDGW20_GPI_Tripo_Tr1_Run3_351_2_1	-1.02928	0.897436	1	R.FC[57.0215]AEWK.S	DECOY_g4693.t1
/bruto/DadosBioinfo/Dados_GuiMaia/TrangeliSC58/Proteome/10_TDGW20_GPI_Tripo_Tr1_Run3_615_2_1	-1.02941	0.897436	1	R.FAAVTPVDQK.R	DECOY_g6648.t1
/bruto/DadosBioinfo/Dados_GuiMaia/TrangeliSC58/Proteome/10_TDGW20_GPI_Tripo_Tr1_Run3_1853_3_1	-1.03056	0.897436	1	R.VTFTTEGELGDK.S	DECOY_g10337.t1
/bruto/DadosBioinfo/Dados_GuiMaia/TrangeliSC58/Proteome/10_TDGW20_GPI_Tripo_Tr1_Run3_734_2_1	-1.0307	0.897436	1	R.FCVRLR.S	DECOY_g6205.t1
/bruto/DadosBioinfo/Dados_GuiMaia/TrangeliSC58/Proteome/10_TDGW20_GPI_Tripo_Tr1_Run3_1980_2_1	-1.03072	0.897436	1	K.M[15.9949]WDKPDK.K	DECOY_g1825.t1
/bruto/DadosBioinfo/Dados_GuiMaia/TrangeliSC58/Proteome/10_TDGW20_GPI_Tripo_Tr1_Run3_513_2_1	-1.03117	0.897436	1	K.M[15.9949]GDDRM[15.9949]LC[57.0215]AYLVNR.R	DECOY_g10173.t1
/bruto/DadosBioinfo/Dados_GuiMaia/TrangeliSC58/Proteome/10_TDGW20_GPI_Tripo_Tr1_Run3_785_2_1	-1.03164	0.897436	1	R.LPRRPCK.K	DECOY_g5886.t1
/bruto/DadosBioinfo/Dados_GuiMaia/TrangeliSC58/Proteome/10_TDGW20_GPI_Tripo_Tr1_Run3_470_3_1	-1.03253	0.897436	1	R.GGNDGAAAADTAVDSRK.V	DECOY_g8172.t1
/bruto/DadosBioinfo/Dados_GuiMaia/TrangeliSC58/Proteome/10_TDGW20_GPI_Tripo_Tr1_Run3_468_2_1	-1.03255	0.897436	1	R.LLAEWMR.F	DECOY_g6966.t1
/bruto/DadosBioinfo/Dados_GuiMaia/TrangeliSC58/Proteome/10_TDGW20_GPI_Tripo_Tr1_Run3_556_1_1	-1.03391	0.897436	1	K.TYLSYVK.H	DECOY_g6957.t1
/bruto/DadosBioinfo/Dados_GuiMaia/TrangeliSC58/Proteome/10_TDGW20_GPI_Tripo_Tr1_Run3_1730_2_1	-1.03684	0.897436	1	R.C[57.0215]HPC[57.0215]KWVK.D	DECOY_g4031.t1
/bruto/DadosBioinfo/Dados_GuiMaia/TrangeliSC58/Proteome/10_TDGW20_GPI_Tripo_Tr1_Run3_1726_2_1	-1.03784	0.897436	1	R.VNSYKVEGM[15.9949]NWR.R	DECOY_g2465.t1
/bruto/DadosBioinfo/Dados_GuiMaia/TrangeliSC58/Proteome/10_TDGW20_GPI_Tripo_Tr1_Run3_1513_2_1	-1.04195	0.897436	1	R.PDQEVPLLNVDTAGGK.L	DECOY_g8238.t1
/bruto/DadosBioinfo/Dados_GuiMaia/TrangeliSC58/Proteome/10_TDGW20_GPI_Tripo_Tr1_Run3_1843_2_1	-1.04394	0.897436	1	R.LFHLQM[15.9949]SR.N	DECOY_g4523.t1
/bruto/DadosBioinfo/Dados_GuiMaia/TrangeliSC58/Proteome/10_TDGW20_GPI_Tripo_Tr1_Run3_929_3_1	-1.04731	0.897436	1	R.EAPQLLGSAEYFR.Q	DECOY_g2640.t1
/bruto/DadosBioinfo/Dados_GuiMaia/TrangeliSC58/Proteome/10_TDGW20_GPI_Tripo_Tr1_Run3_1956_3_1	-1.04985	0.897436	1	K.QNFLSAMFLR.R	DECOY_g8540.t1	DECOY_g8548.t1
/bruto/DadosBioinfo/Dados_GuiMaia/TrangeliSC58/Proteome/10_TDGW20_GPI_Tripo_Tr1_Run3_682_2_1	-1.05039	0.897436	1	R.M[15.9949]KAPVFVTC[57.0215]WLR.S	DECOY_g7271.t1
/bruto/DadosBioinfo/Dados_GuiMaia/TrangeliSC58/Proteome/10_TDGW20_GPI_Tripo_Tr1_Run3_1459_2_1	-1.05524	0.902564	1	R.LVPGDWWM[15.9949]R.Q	DECOY_g2442.t1
/bruto/DadosBioinfo/Dados_GuiMaia/TrangeliSC58/Proteome/10_TDGW20_GPI_Tripo_Tr1_Run3_1845_2_1	-1.05601	0.903553	1	R.EAYSDELDR.G	DECOY_g8493.t1
/bruto/DadosBioinfo/Dados_GuiMaia/TrangeliSC58/Proteome/10_TDGW20_GPI_Tripo_Tr1_Run3_1738_2_1	-1.05645	0.903553	1	K.VAEPIIMK.L	DECOY_g10785.t1
/bruto/DadosBioinfo/Dados_GuiMaia/TrangeliSC58/Proteome/10_TDGW20_GPI_Tripo_Tr1_Run3_1112_2_1	-1.05847	0.908629	1	R.QGRHVGR.R	DECOY_g8688.t1
/bruto/DadosBioinfo/Dados_GuiMaia/TrangeliSC58/Proteome/10_TDGW20_GPI_Tripo_Tr1_Run3_1752_1_1	-1.05996	0.913706	1	R.SGFRIFGYR.V	DECOY_g4404.t1
/bruto/DadosBioinfo/Dados_GuiMaia/TrangeliSC58/Proteome/10_TDGW20_GPI_Tripo_Tr1_Run3_1361_3_1	-1.06032	0.918782	1	R.GDITGGM[15.9949]PYVM[15.9949]LGR.R	DECOY_g6400.t1
/bruto/DadosBioinfo/Dados_GuiMaia/TrangeliSC58/Proteome/10_TDGW20_GPI_Tripo_Tr1_Run3_686_1_1	-1.06141	0.919192	1	R.M[15.9949]LYAYDEK.Q	DECOY_g4913.t1
/bruto/DadosBioinfo/Dados_GuiMaia/TrangeliSC58/Proteome/10_TDGW20_GPI_Tripo_Tr1_Run3_854_2_1	-1.06162	0.924242	1	K.QPVSSQNSWINR.A	DECOY_g3120.t1
/bruto/DadosBioinfo/Dados_GuiMaia/TrangeliSC58/Proteome/10_TDGW20_GPI_Tripo_Tr1_Run3_601_2_1	-1.06164	0.926471	1	R.PPM[15.9949]PMPLQQLGMR.R	DECOY_g4475.t1
/bruto/DadosBioinfo/Dados_GuiMaia/TrangeliSC58/Proteome/10_TDGW20_GPI_Tripo_Tr1_Run3_919_2_1	-1.06244	0.926471	1	R.VMENAPLQEYEGAK.R	DECOY_g7968.t1
/bruto/DadosBioinfo/Dados_GuiMaia/TrangeliSC58/Proteome/10_TDGW20_GPI_Tripo_Tr1_Run3_535_2_1	-1.0626	0.926471	1	K.SAAELVEDIPMLR.A	DECOY_g5711.t1
/bruto/DadosBioinfo/Dados_GuiMaia/TrangeliSC58/Proteome/10_TDGW20_GPI_Tripo_Tr1_Run3_1829_3_1	-1.06294	0.926471	1	R.GWAM[15.9949]RDGLDPSLR.M	DECOY_g7018.t1
/bruto/DadosBioinfo/Dados_GuiMaia/TrangeliSC58/Proteome/10_TDGW20_GPI_Tripo_Tr1_Run3_1077_2_1	-1.0648	0.926471	1	R.ELLEEFYK.S	DECOY_g10153.t1
/bruto/DadosBioinfo/Dados_GuiMaia/TrangeliSC58/Proteome/10_TDGW20_GPI_Tripo_Tr1_Run3_1154_3_1	-1.06621	0.926471	1	R.CFNCGAHFKTK.G	DECOY_g9778.t1
/bruto/DadosBioinfo/Dados_GuiMaia/TrangeliSC58/Proteome/10_TDGW20_GPI_Tripo_Tr1_Run3_552_2_1	-1.06875	0.931373	1	R.C[57.0215]QKEAAM[15.9949]R.V	DECOY_g9732.t1
/bruto/DadosBioinfo/Dados_GuiMaia/TrangeliSC58/Proteome/10_TDGW20_GPI_Tripo_Tr1_Run3_824_2_1	-1.0693	0.931707	1	K.LSHCLVVR.T	DECOY_g9254.t1
/bruto/DadosBioinfo/Dados_GuiMaia/TrangeliSC58/Proteome/10_TDGW20_GPI_Tripo_Tr1_Run3_1276_2_1	-1.06985	0.936585	1	R.ESPTEDDYLR.L	DECOY_g6365.t1
/bruto/DadosBioinfo/Dados_GuiMaia/TrangeliSC58/Proteome/10_TDGW20_GPI_Tripo_Tr1_Run3_1518_2_1	-1.07063	0.936893	1	K.FMPIWM[15.9949]TRM[15.9949]M[15.9949]NMR.R	DECOY_g6292.t1
/bruto/DadosBioinfo/Dados_GuiMaia/TrangeliSC58/Proteome/10_TDGW20_GPI_Tripo_Tr1_Run3_1832_3_1	-1.07127	0.937198	1	R.LEQRFAGFMK.S	DECOY_g4783.t1
/bruto/DadosBioinfo/Dados_GuiMaia/TrangeliSC58/Proteome/10_TDGW20_GPI_Tripo_Tr1_Run3_1302_3_1	-1.07363	0.941704	1	K.KWNDADHPNDK.I	DECOY_g6134.t1
/bruto/DadosBioinfo/Dados_GuiMaia/TrangeliSC58/Proteome/10_TDGW20_GPI_Tripo_Tr1_Run3_1686_3_1	-1.07403	0.941704	1	R.GFTGDIYIGDDR.G	DECOY_g891.t1
/bruto/DadosBioinfo/Dados_GuiMaia/TrangeliSC58/Proteome/10_TDGW20_GPI_Tripo_Tr1_Run3_1140_3_1	-1.07488	0.941704	1	-.LAPAAALCGGACHMR.H	DECOY_g2508.t1	DECOY_g2509.t1	DECOY_g2511.t1
/bruto/DadosBioinfo/Dados_GuiMaia/TrangeliSC58/Proteome/10_TDGW20_GPI_Tripo_Tr1_Run3_1377_3_1	-1.07568	0.941704	1	R.EAASGGGVYFHSIR.T	DECOY_g8510.t1
/bruto/DadosBioinfo/Dados_GuiMaia/TrangeliSC58/Proteome/10_TDGW20_GPI_Tripo_Tr1_Run3_1482_3_1	-1.07713	0.941704	1	R.ETAEDLSNFGEK.E	DECOY_g412.t1
/bruto/DadosBioinfo/Dados_GuiMaia/TrangeliSC58/Proteome/10_TDGW20_GPI_Tripo_Tr1_Run3_1169_3_1	-1.0782	0.941704	1	R.LEAEKAEIVATDHR.R	DECOY_g7209.t1
/bruto/DadosBioinfo/Dados_GuiMaia/TrangeliSC58/Proteome/10_TDGW20_GPI_Tripo_Tr1_Run3_1765_2_1	-1.07882	0.941704	1	K.LANGFRR.D	DECOY_g1154.t1
/bruto/DadosBioinfo/Dados_GuiMaia/TrangeliSC58/Proteome/10_TDGW20_GPI_Tripo_Tr1_Run3_1865_4_1	-1.08086	0.941704	1	R.SSPTPCPLANITEWYD.-	DECOY_g9058.t1
/bruto/DadosBioinfo/Dados_GuiMaia/TrangeliSC58/Proteome/10_TDGW20_GPI_Tripo_Tr1_Run3_793_2_1	-1.0811	0.941704	1	K.DHMESVTMALRR.Q	DECOY_g2794.t1
/bruto/DadosBioinfo/Dados_GuiMaia/TrangeliSC58/Proteome/10_TDGW20_GPI_Tripo_Tr1_Run3_843_2_1	-1.08222	0.941704	1	R.EISSVWTRPDYK.D	DECOY_g4495.t1
/bruto/DadosBioinfo/Dados_GuiMaia/TrangeliSC58/Proteome/10_TDGW20_GPI_Tripo_Tr1_Run3_505_3_1	-1.0832	0.941704	1	R.GQDLFACLDTGVR.A	DECOY_g10240.t1
/bruto/DadosBioinfo/Dados_GuiMaia/TrangeliSC58/Proteome/10_TDGW20_GPI_Tripo_Tr1_Run3_1326_2_1	-1.08353	0.941704	1	R.SLAVHSGPPVTVR.V	DECOY_g368.t1
/bruto/DadosBioinfo/Dados_GuiMaia/TrangeliSC58/Proteome/10_TDGW20_GPI_Tripo_Tr1_Run3_1240_2_1	-1.08394	0.941704	1	K.HC[57.0215]NMDEVGNLTK.L	DECOY_g3869.t1
/bruto/DadosBioinfo/Dados_GuiMaia/TrangeliSC58/Proteome/10_TDGW20_GPI_Tripo_Tr1_Run3_1719_2_1	-1.08625	0.941704	1	K.SKALDVDHYSIAEGQK.H	DECOY_g6856.t1
/bruto/DadosBioinfo/Dados_GuiMaia/TrangeliSC58/Proteome/10_TDGW20_GPI_Tripo_Tr1_Run3_1846_1_1	-1.08789	0.941704	1	R.TAHDTVEEK.E	DECOY_g8695.t1
/bruto/DadosBioinfo/Dados_GuiMaia/TrangeliSC58/Proteome/10_TDGW20_GPI_Tripo_Tr1_Run3_1563_3_1	-1.09056	0.941704	1	R.HQALDEEYQASIERLR.Q	DECOY_g2386.t1
/bruto/DadosBioinfo/Dados_GuiMaia/TrangeliSC58/Proteome/10_TDGW20_GPI_Tripo_Tr1_Run3_1509_3_1	-1.09506	0.946188	1	R.VLYVGESM[15.9949]GVGDGEK.L	DECOY_g10369.t1
/bruto/DadosBioinfo/Dados_GuiMaia/TrangeliSC58/Proteome/10_TDGW20_GPI_Tripo_Tr1_Run3_748_3_1	-1.09538	0.950673	1	-.GDALRLHSDDGPM[15.9949]R.V	DECOY_g9726.t1
/bruto/DadosBioinfo/Dados_GuiMaia/TrangeliSC58/Proteome/10_TDGW20_GPI_Tripo_Tr1_Run3_1505_1_1	-1.09668	0.951965	1	R.NLDAEPSVGR.S	DECOY_g4115.t1
/bruto/DadosBioinfo/Dados_GuiMaia/TrangeliSC58/Proteome/10_TDGW20_GPI_Tripo_Tr1_Run3_599_2_1	-1.09768	0.951965	1	-.ELEGPDANAHTTTMK.F	DECOY_g518.t1
/bruto/DadosBioinfo/Dados_GuiMaia/TrangeliSC58/Proteome/10_TDGW20_GPI_Tripo_Tr1_Run3_802_3_1	-1.09823	0.951965	1	K.KNTHSGSSSSGGR.K	DECOY_g10406.t1
/bruto/DadosBioinfo/Dados_GuiMaia/TrangeliSC58/Proteome/10_TDGW20_GPI_Tripo_Tr1_Run3_657_2_1	-1.10035	0.951965	1	R.RAPLGM[15.9949]R.R	DECOY_g1690.t1
/bruto/DadosBioinfo/Dados_GuiMaia/TrangeliSC58/Proteome/10_TDGW20_GPI_Tripo_Tr1_Run3_1831_2_1	-1.10069	0.951965	1	R.ELPTKLK.L	DECOY_g7228.t1
/bruto/DadosBioinfo/Dados_GuiMaia/TrangeliSC58/Proteome/10_TDGW20_GPI_Tripo_Tr1_Run3_1619_3_1	-1.1023	0.951965	1	R.M[15.9949]FFAQPMEIR.V	DECOY_g934.t1
/bruto/DadosBioinfo/Dados_GuiMaia/TrangeliSC58/Proteome/10_TDGW20_GPI_Tripo_Tr1_Run3_510_3_1	-1.10408	0.956332	1	K.SDPNRDPHYK.E	DECOY_g1097.t1
/bruto/DadosBioinfo/Dados_GuiMaia/TrangeliSC58/Proteome/10_TDGW20_GPI_Tripo_Tr1_Run3_611_2_1	-1.10469	0.957265	1	R.QKMGGHMC[57.0215]GVLEPPAR.R	DECOY_g10779.t1
/bruto/DadosBioinfo/Dados_GuiMaia/TrangeliSC58/Proteome/10_TDGW20_GPI_Tripo_Tr1_Run3_754_2_1	-1.10489	0.957265	1	R.KDSNTANTR.R	DECOY_g9637.t1
/bruto/DadosBioinfo/Dados_GuiMaia/TrangeliSC58/Proteome/10_TDGW20_GPI_Tripo_Tr1_Run3_507_4_1	-1.10625	0.957265	1	R.LWEATEEDMHM[15.9949]SVYK.L	DECOY_g9337.t1
/bruto/DadosBioinfo/Dados_GuiMaia/TrangeliSC58/Proteome/10_TDGW20_GPI_Tripo_Tr1_Run3_771_2_1	-1.10831	0.957265	1	R.LMEVFSTFYR.A	DECOY_g9667.t1
/bruto/DadosBioinfo/Dados_GuiMaia/TrangeliSC58/Proteome/10_TDGW20_GPI_Tripo_Tr1_Run3_493_2_1	-1.11066	0.957265	1	K.IM[15.9949]EDVEEDTLR.E	DECOY_g8007.t1
/bruto/DadosBioinfo/Dados_GuiMaia/TrangeliSC58/Proteome/10_TDGW20_GPI_Tripo_Tr1_Run3_486_2_1	-1.1117	0.961538	1	-.TRM[15.9949]MLSCSCGDAMIMR.H	DECOY_g8313.t1
/bruto/DadosBioinfo/Dados_GuiMaia/TrangeliSC58/Proteome/10_TDGW20_GPI_Tripo_Tr1_Run3_1913_2_1	-1.11171	0.961864	1	R.NQLM[15.9949]DRLC[57.0215]HSNHEAAK.E	DECOY_g3761.t1
/bruto/DadosBioinfo/Dados_GuiMaia/TrangeliSC58/Proteome/10_TDGW20_GPI_Tripo_Tr1_Run3_1759_3_1	-1.11207	0.961864	1	R.VMEFEEITAPFDK.H	DECOY_g9874.t1
/bruto/DadosBioinfo/Dados_GuiMaia/TrangeliSC58/Proteome/10_TDGW20_GPI_Tripo_Tr1_Run3_1220_1_1	-1.11265	0.965251	1	K.VRGYK.T	DECOY_g8233.t1
/bruto/DadosBioinfo/Dados_GuiMaia/TrangeliSC58/Proteome/10_TDGW20_GPI_Tripo_Tr1_Run3_1330_2_1	-1.11309	0.965251	1	R.TWGSVMWFRK.S	DECOY_g5530.t1
/bruto/DadosBioinfo/Dados_GuiMaia/TrangeliSC58/Proteome/10_TDGW20_GPI_Tripo_Tr1_Run3_1226_3_1	-1.11374	0.965251	1	K.QFIDLFMGDYKR.I	DECOY_g8259.t1
/bruto/DadosBioinfo/Dados_GuiMaia/TrangeliSC58/Proteome/10_TDGW20_GPI_Tripo_Tr1_Run3_479_3_1	-1.11438	0.965251	1	R.QQVPSAYC[57.0215]GTGDR.S	DECOY_g8726.t1
/bruto/DadosBioinfo/Dados_GuiMaia/TrangeliSC58/Proteome/10_TDGW20_GPI_Tripo_Tr1_Run3_590_3_1	-1.11567	0.965251	1	R.PAVHSADVEKAWEAPGLAK.E	DECOY_g6164.t1
/bruto/DadosBioinfo/Dados_GuiMaia/TrangeliSC58/Proteome/10_TDGW20_GPI_Tripo_Tr1_Run3_939_2_1	-1.11857	0.965251	1	-.PDHPMMR.A	DECOY_g9183.t1
/bruto/DadosBioinfo/Dados_GuiMaia/TrangeliSC58/Proteome/10_TDGW20_GPI_Tripo_Tr1_Run3_627_2_1	-1.11948	0.965251	1	-.RVCIAHM[15.9949]R.L	DECOY_g5102.t1
/bruto/DadosBioinfo/Dados_GuiMaia/TrangeliSC58/Proteome/10_TDGW20_GPI_Tripo_Tr1_Run3_640_2_1	-1.12248	0.965251	1	K.VPCLMARM.-	DECOY_g2418.t1
/bruto/DadosBioinfo/Dados_GuiMaia/TrangeliSC58/Proteome/10_TDGW20_GPI_Tripo_Tr1_Run3_1174_2_1	-1.12639	0.965251	1	R.NVFETVSVVGDKDR.L	DECOY_g4908.t1
/bruto/DadosBioinfo/Dados_GuiMaia/TrangeliSC58/Proteome/10_TDGW20_GPI_Tripo_Tr1_Run3_783_2_1	-1.12707	0.965251	1	K.KEYVSFLESDGK.K	DECOY_g8512.t1
/bruto/DadosBioinfo/Dados_GuiMaia/TrangeliSC58/Proteome/10_TDGW20_GPI_Tripo_Tr1_Run3_687_2_1	-1.12916	0.965251	1	R.TEGDEGRER.S	DECOY_g5788.t1
/bruto/DadosBioinfo/Dados_GuiMaia/TrangeliSC58/Proteome/10_TDGW20_GPI_Tripo_Tr1_Run3_966_2_1	-1.13098	0.965251	1	R.AHNATEAEEKAK.D	DECOY_g3586.t1
/bruto/DadosBioinfo/Dados_GuiMaia/TrangeliSC58/Proteome/10_TDGW20_GPI_Tripo_Tr1_Run3_1804_1_1	-1.13191	0.965251	1	K.KAAEMEDGGTDK.R	DECOY_g6922.t1
/bruto/DadosBioinfo/Dados_GuiMaia/TrangeliSC58/Proteome/10_TDGW20_GPI_Tripo_Tr1_Run3_1401_2_1	-1.13191	0.965251	1	K.NFERTFATK.T	DECOY_g3337.t1
/bruto/DadosBioinfo/Dados_GuiMaia/TrangeliSC58/Proteome/10_TDGW20_GPI_Tripo_Tr1_Run3_1389_2_1	-1.13191	0.965251	1	R.EYSALFSKIAMHQK.R	DECOY_g4042.t1
/bruto/DadosBioinfo/Dados_GuiMaia/TrangeliSC58/Proteome/10_TDGW20_GPI_Tripo_Tr1_Run3_1231_2_1	-1.13191	0.965251	1	-.SGLFLSMFMK.N	DECOY_g9381.t1
/bruto/DadosBioinfo/Dados_GuiMaia/TrangeliSC58/Proteome/10_TDGW20_GPI_Tripo_Tr1_Run3_1179_2_1	-1.13191	0.965251	1	R.LYRLLF.-	DECOY_g7844.t1
/bruto/DadosBioinfo/Dados_GuiMaia/TrangeliSC58/Proteome/10_TDGW20_GPI_Tripo_Tr1_Run3_1144_2_1	-1.13191	0.965251	1	R.TEWVYLFR.R	DECOY_g10487.t1
/bruto/DadosBioinfo/Dados_GuiMaia/TrangeliSC58/Proteome/10_TDGW20_GPI_Tripo_Tr1_Run3_1124_2_1	-1.13191	0.965251	1	R.VGSLLPWK.E	DECOY_g10102.t1
/bruto/DadosBioinfo/Dados_GuiMaia/TrangeliSC58/Proteome/10_TDGW20_GPI_Tripo_Tr1_Run3_981_2_1	-1.13191	0.965251	1	R.QLIAGAATNSPC[57.0215]R.D	DECOY_g2128.t1
/bruto/DadosBioinfo/Dados_GuiMaia/TrangeliSC58/Proteome/10_TDGW20_GPI_Tripo_Tr1_Run3_523_2_1	-1.13191	0.965251	1	R.WDCFLVDAMAVADK.E	DECOY_g822.t1
/bruto/DadosBioinfo/Dados_GuiMaia/TrangeliSC58/Proteome/10_TDGW20_GPI_Tripo_Tr1_Run3_322_3_1	-1.13191	0.965251	1	K.VNHM[15.9949]YDWGGK.V	DECOY_g4165.t1
/bruto/DadosBioinfo/Dados_GuiMaia/TrangeliSC58/Proteome/10_TDGW20_GPI_Tripo_Tr1_Run3_1321_3_1	-1.13231	0.965251	1	R.GYNTKGDQPANSVEPPKR.T	DECOY_g10132.t1
/bruto/DadosBioinfo/Dados_GuiMaia/TrangeliSC58/Proteome/10_TDGW20_GPI_Tripo_Tr1_Run3_1592_2_1	-1.13992	0.965385	1	R.ELEHLECRAADR.N	DECOY_g8910.t1
/bruto/DadosBioinfo/Dados_GuiMaia/TrangeliSC58/Proteome/10_TDGW20_GPI_Tripo_Tr1_Run3_1409_3_1	-1.1417	0.969231	1	R.DLMEDISDGKK.F	DECOY_g8459.t1
/bruto/DadosBioinfo/Dados_GuiMaia/TrangeliSC58/Proteome/10_TDGW20_GPI_Tripo_Tr1_Run3_1983_3_1	-1.14474	0.969349	1	K.TQLVGSGGYHWER.F	DECOY_g9266.t1
/bruto/DadosBioinfo/Dados_GuiMaia/TrangeliSC58/Proteome/10_TDGW20_GPI_Tripo_Tr1_Run3_465_2_1	-1.14659	0.969582	1	K.LM[15.9949]WCTR.N	DECOY_g7835.t1
/bruto/DadosBioinfo/Dados_GuiMaia/TrangeliSC58/Proteome/10_TDGW20_GPI_Tripo_Tr1_Run3_491_1_1	-1.14667	0.969582	1	R.AFHAFAK.D	DECOY_g10091.t1
/bruto/DadosBioinfo/Dados_GuiMaia/TrangeliSC58/Proteome/10_TDGW20_GPI_Tripo_Tr1_Run3_1594_2_1	-1.15077	0.971631	1	R.IEYQGNYWR.L	DECOY_g4265.t1
/bruto/DadosBioinfo/Dados_GuiMaia/TrangeliSC58/Proteome/10_TDGW20_GPI_Tripo_Tr1_Run3_1472_2_1	-1.15077	0.971631	1	K.KTEDM[15.9949]ENEFTK.K	DECOY_g5474.t1
/bruto/DadosBioinfo/Dados_GuiMaia/TrangeliSC58/Proteome/10_TDGW20_GPI_Tripo_Tr1_Run3_1399_2_1	-1.15077	0.971631	1	K.TYFDDIKTK.G	DECOY_g3323.t1
/bruto/DadosBioinfo/Dados_GuiMaia/TrangeliSC58/Proteome/10_TDGW20_GPI_Tripo_Tr1_Run3_1306_2_1	-1.15077	0.971631	1	R.TDDHGIDSDGREK.H	DECOY_g9408.t1
/bruto/DadosBioinfo/Dados_GuiMaia/TrangeliSC58/Proteome/10_TDGW20_GPI_Tripo_Tr1_Run3_1159_2_1	-1.15077	0.971631	1	R.PFPVEVIASTK.N	DECOY_g2882.t1
/bruto/DadosBioinfo/Dados_GuiMaia/TrangeliSC58/Proteome/10_TDGW20_GPI_Tripo_Tr1_Run3_959_3_1	-1.15077	0.971631	1	R.PC[57.0215]YAHCIKR.S	DECOY_g10684.t1
/bruto/DadosBioinfo/Dados_GuiMaia/TrangeliSC58/Proteome/10_TDGW20_GPI_Tripo_Tr1_Run3_649_2_1	-1.15077	0.971631	1	R.M[15.9949]PM[15.9949]TCTFSKVR.L	DECOY_g7340.t1
/bruto/DadosBioinfo/Dados_GuiMaia/TrangeliSC58/Proteome/10_TDGW20_GPI_Tripo_Tr1_Run3_365_3_1	-1.15077	0.971631	1	R.CNSMEEMSLRVK.S	DECOY_g8905.t1
/bruto/DadosBioinfo/Dados_GuiMaia/TrangeliSC58/Proteome/10_TDGW20_GPI_Tripo_Tr1_Run3_1923_2_1	-1.17554	0.971631	1	R.FEKVM[15.9949]HTYGCR.D	DECOY_g3149.t1
/bruto/DadosBioinfo/Dados_GuiMaia/TrangeliSC58/Proteome/10_TDGW20_GPI_Tripo_Tr1_Run3_1645_2_1	-1.17554	0.971631	1	K.KYQDVQEDC[57.0215]YLM[15.9949]K.R	DECOY_g9358.t1
/bruto/DadosBioinfo/Dados_GuiMaia/TrangeliSC58/Proteome/10_TDGW20_GPI_Tripo_Tr1_Run3_1349_3_1	-1.17554	0.971631	1	K.GDIIEMLELESGAR.H	DECOY_g3395.t1
/bruto/DadosBioinfo/Dados_GuiMaia/TrangeliSC58/Proteome/10_TDGW20_GPI_Tripo_Tr1_Run3_1060_2_1	-1.17554	0.971631	1	R.YFESEVDEVDGR.R	DECOY_g8938.t1
/bruto/DadosBioinfo/Dados_GuiMaia/TrangeliSC58/Proteome/10_TDGW20_GPI_Tripo_Tr1_Run3_990_2_1	-1.17554	0.971631	1	R.DWRHIVC[57.0215]R.E	DECOY_g7321.t1
/bruto/DadosBioinfo/Dados_GuiMaia/TrangeliSC58/Proteome/10_TDGW20_GPI_Tripo_Tr1_Run3_949_3_1	-1.17554	0.971631	1	R.IAFFSPLMRGCAK.M	DECOY_g9656.t1
/bruto/DadosBioinfo/Dados_GuiMaia/TrangeliSC58/Proteome/10_TDGW20_GPI_Tripo_Tr1_Run3_761_3_1	-1.17554	0.971631	1	R.PHYVKYLVHGK.S	DECOY_g10464.t1
/bruto/DadosBioinfo/Dados_GuiMaia/TrangeliSC58/Proteome/10_TDGW20_GPI_Tripo_Tr1_Run3_719_2_1	-1.17554	0.971631	1	R.GVAWRWVSER.R	DECOY_g9831.t1
/bruto/DadosBioinfo/Dados_GuiMaia/TrangeliSC58/Proteome/10_TDGW20_GPI_Tripo_Tr1_Run3_709_2_1	-1.17554	0.971631	1	K.YSQNEKIHDAVTE.-	DECOY_g7489.t1
/bruto/DadosBioinfo/Dados_GuiMaia/TrangeliSC58/Proteome/10_TDGW20_GPI_Tripo_Tr1_Run3_671_2_1	-1.17554	0.971631	1	K.DKTYSLGVFK.Y	DECOY_g1167.t1
/bruto/DadosBioinfo/Dados_GuiMaia/TrangeliSC58/Proteome/10_TDGW20_GPI_Tripo_Tr1_Run3_340_3_1	-1.17554	0.971631	1	R.HRNGCVAM[15.9949]SC[57.0215]WK.V	DECOY_g3972.t1
